{
  "project_info": {
    "project_number": "504962749222",
    "firebase_url": "https://autenticacion-16188.firebaseio.com",
    "project_id": "autenticacion-16188",
    "storage_bucket": "autenticacion-16188.appspot.com"
  },
  "client": [
    {
      "client_info": {
        "mobilesdk_app_id": "1:504962749222:android:bcf0788263edadd3",
        "android_client_info": {
          "package_name": "com.laboratorio.hechosdraps"
        }
      },
      "oauth_client": [],
      "api_key": [
        {
          "current_key": "AIzaSyB93KY5xY7ch-7lgpYmsMUkTEpxRFFjU5w"
        }
      ],
      "services": {
        "appinvite_service": {
          "other_platform_oauth_client": []
        }
      }
    }
  ],
  "configuration_version": "1"
}